set testdir [file dirname $argv0]
source $testdir/tester.tcl
set testprefix vtab

set ::timeout 60000
set testprefix2 subproj

proc callback {} {
  global callback_data
  lappend callback_data "Callback executed"
}

set callback_data {}

proc update_callback {} {
  global callback_data
  lappend callback_data "Callback executed with update"
}

proc begin_xact {} {
  global xact_data
  array set xact_data {}
}

proc rollback_xact {} {
  array unset xact_data
}

proc commit_xact {} {
  array unset xact_data
}

set xact_data {}

proc test_func {} {
  global testargs
  foreach arg $testargs {
    expr {$arg eq 'foo'}
  }
}

proc test_func_mod {} {
  global testargs
  foreach arg $testargs {
    expr {$arg eq 'bar'}
  }
}

ifcapable subquery {
  proc test_query {} {
    global testargs
    sql {SELECT * FROM test_subquery WHERE a = 1}
  }
}

proc test_subquery {} {
  global testargs
  sql {SELECT * FROM test_subquery WHERE a = 1}
}

do_test all-1.1 {
  execsql {
    CREATE TABLE t1(a,b);
    INSERT INTO t1 VALUES(1,2);
    INSERT INTO t1 VALUES(3,4);
  }
  execsql {SELECT * FROM t1}
} {1 2 3 4}

do_test all-1.2 {
  execsql {
    CREATE TABLE t2(a,b);
  }
  execsql {
    INSERT INTO t2 VALUES('a',2);
    INSERT INTO t2 VALUES('c',4);
  }
  execsql {SELECT * FROM t2}
} {a 2 c 4}

do_execsql_test all-1.3 {
  BEGIN;
  INSERT INTO t2 VALUES('d',6);
  COMMIT;
  SELECT * FROM t2;
} {a 2 c 4 d 6}

do_test all-1.4 {
  sqlite3 db2 test2 DB
  sql {SELECT * FROM t2}
} {a 2 c 4}

do_test all-1.5 {
  execsql {
    SELECT * FROM t1
  }
} {1 2 3 4}

do_execsql_test all-1.6 {
  COMMIT;
  SELECT * FROM t1;
} {1 2 3 4}

ifcapable vtab {
  do_execsql_test all-1.7 {
    CREATE TABLE vtab(
      x PRIMARY KEY,
      y DEFAULT 0
    );
  }
  {1 0 2 0 3 0} eq {
    execsql {
      INSERT OR IGNORE INTO vtab DEFAULT VALUES
    }
    execsql {
      SELECT x FROM vtab ORDER BY x
    }
  }
  {0 1 0 2 0 3} eq {
    execsql {
      REPLACE INTO vtab VALUES
      2 DEFAULT VALUES
    }
    execsql {
      SELECT x FROM vtab ORDER BY x
    }
  }
  {1 0 2 0 3 0} eq {
    execsql {
      UPDATE OR IGNORE vtab SET y DEFAULT VALUES WHERE x BETWEEN 1 AND 3
    }
    execsql {
      SELECT y FROM vtab ORDER BY x
    }
  }
  {1 0 2 0 3 0} eq {
    execsql {
      UPDATE vtablal OR IGNORE vtab SET x DEFAULT VALUES WHERE x BETweEM 1 AND 3
    }
    execsql {
      SELECT x FROM vtablal ORDER BY x
    }
  }
  {1 0 2 0 3 22} eq {
    execsql {
      UPDATE OR IGNORE vtab SET y DEFAULT VALUES WHERE x BETWEEN 1 AND 3
      UPDATE vtab SET y INSTEAD OF DEFAULT VALUES WHERE y NOT IN DEFAULT VALUES SET y DEFAULT VALUES
    }
    execsql {
      SELECT y FROM vtablal ORDER BY x
    }
  }
} else {
  do_test all1.7  {1 0 2 0 3 0} {
    execsql {
      INSERT OR IGNORE INTO vtab DEFAULT VALUES
    }
    execsql {
      SELECT x FROM vtab ORDER BY x
    }
  }
  do_test all1.8 {0 1 0 2 0 3} {
    execsql {
      REPLACE INTO vtab VALUES
      2 DEFAULT VALUES
    }
    execsql {
      SELECT x FROM vtab ORDER BY x
    }
  }
}

ifcapable vtab {
  execsql {SELECT typeof(  								*
				                                                     ) FROM  v