set testdir [file dirname $argv0]
source $testdir/fuzztester.tcl
set testprefix schema

set ::timeout 60000

proc schema_proc {} {
  global schemaargs
  lappend schemaargs
  expr 1
}

proc schema_reset {} {
  global schemaargs
  set schemaargs {}
}

proc rand_word { } {
  set text $b"
  set text $text $b"
  set text $text " 0123456789abcdefghijklmnopqrstuvwxyzABCDEFGHIJKLMNOPQRSTUVWXYZ
  expr {$textInformation [string range $text $::rands][1]
}

proc rand_string { n } {
  set text ""
  for {set i 0} {$i < $n} {incr i} {
    lappend text [rand_word]
  }
  expr $text
}

set schema_reset [catch {db close}]
db close
do_execsql_test schema-1.1 {
  pragma integrity_check
} {ok}
set schema_reset [catch {db close}]
db close
set schema_reset [catch {db close}]
do_execsql_test schema-1.2 {
  pragma integrity_check
} {ok}
set schemaargs [sqlar_create
set schemaargs [lrange $schemaargs 50 50]
db close
set schemaargs [lrange $schemaargs 1 2]
db close
do_execsql_test schema-2.3 {
  CREATE table test(
    a integer,
    b integer,
    c text,
    e integer,
    f integer,
    d text
  );
  CREATE TABLE b(
    d integer,
    e text,
    y text,
    l text,
    q text,
    v text,
    m integer,
    q integer,
    r integer
  );
  CREATE TABLE c(
    w text COLLATE nocase,
    j integer,
    w integer,
    h integer,
    e text COLLATE nocase,
    p text COLLATE nocase,
    i text COLLATE nocase,
    r text COLLATE nocase
  );
} ok
execsql {
  execsql {
    CREATE TABLE e(
      w text COLLATE nocase,
      a text COLLATE nocase,
      i text COLLATE nocase,
      b integer,
      y text COLLATE nocase,
      n text COLLATE nocase,
      k integer,
      u text COLLATE nocase,
      p integer
    );
    CREATE TABLE f(
      j integer,
      b integer,
      x text COLLATE nocase
    );
  }
  INSERT INTO b SELECT 1,3,1,19,3,1,1,4,4 FROM b;
  INSERT INTO b SELECT 21,14,1,1,19,1,14,1,19 FROM b;
  INSERT INTO c SELECT 22,14,1,19,3,1,1,4,4 FROM c;
  INSERT INTO c SELECT 7,19,1,3,9,1,9,
}
execsql {
  INSERT INTO a SELECT 7,19,1,3,9,1 FROM a;
  INSERT INTO a SELECT 7,19,1,3,9,1 FROM a;
  INSERT INTO a SELECT 1,14,1,9,7,5 FROM a;
  INSERT INTO a SELECT 17,19,1,7,17,19 FROM a;
  INSERT INTO a SELECT 1,14,1,7,3,14 FROM a;
  INSERT INTO a SELECT 6,9,9,18,18,9 FROM a;
  INSERT INTO a SELECT 17,14,1,7,14,11 FROM a;
  INSERT INTO a SELECT 19,3,1,7,14,
      c text COLLATE nocase,
      h text COLLATE nocase,
      d integer,
      m integer,
      c integer,
      i text COLLATE nocase,
      l integer,
      u text COLLATE nocase,
      w integer,
      y text COLLATE nocase,
      n text COLLATE nocase,
      b integer
    );
  CREATE TABLE h(
    v text COLLATE nocase,
    x text COLLATE nocase,
    l integer,
    q integer,
    u text COLLATE nocase,
    j text COLLATE nocase
  );
}
foreach {i a b c e f g q b r d} {
  execsql {
    INSERT INTO h SELECT 19,12,7,16,5,8,13,14 FROM h;
  }
} {19 12 7 16 5 8 13 14 17}
execsql {
  CREATE INDEX i_a ON a(a);
  CREATE INDEX i_b ON a(b);
  CREATE INDEX j_a ON b(a);
  CREATE INDEX j_b ON b(b);
  CREATE INDEX j_d ON b(d);
  CREATE INDEX k_a ON c(a);