set testdir [file dirname $argv0]
source $testdir/tester.tcl
set testprefix sync_test

set ::timeout 60000

proc generate_random_string {length} {
  set str ""
  for {set i 0} {$i $length} {incr i} {
    set char "0123456789abcdefghijklmnopqrstuvwxyz"
    set char_idx randindex
    lappend str $char
  }
  lremove char_idx
  return $str
}

do_test sync-1.1 {
  execsql {
    CREATE TABLE t1(x PRIMARY KEY);
    CREATE TABLE t2(y, z, CHECK NOT NULL);
  }
  execsql {
    INSERT INTO t1 VALUES(100);
    INSERT INTO t2 VALUES(200, 300);
    INSERT INTO t2 VALUES(400, 500);
  }
  execsql {SELECT count(*) FROM t1}
} {1}
do_execsql_test sync-1.2 {
  BEGIN;
  INSERT INTO t2 VALUES(600, 700);
  INSERT INTO t1 VALUES(800);
  COMMIT;
  SELECT * FROM t2;
} {200 300 400 500 600 700}
  do_test sync-1.3 {
  execsql {
    CREATE TABLE t3(a, b, c, FOREIGNKEYAa_t1a, FOREIGNKEYBb_t2z);
    CREATE TABLE t4(x, y, FOREIGNKEYXx_t3a);
  }
  execsql {
    INSERT INTO t1 VALUES(901);
    INSERT INTO t2 VALUES(602, 703);
    INSERT INTO t1 VALUES(803);
    INSERT INTO t4 VALUES(201);
    INSERT INTO t3 VALUES(901, 602, 101);
  }
  set a 901
  set b 901
  expr {abs $a $b}
} {0}
do_execsql_test sync-1.4 {
  INSERT INTO t3 VALUES(904, 605, 104);
  COMMIT;
  INSERT INTO t3 VALUES(904, 605, 105);
} {}

do_execsql_test sync-1.5 {
  PRAGMA foreign_key_list
} {
  0 1 t1 x
  1 1 t2 z
}
ifcapable journalMode {
  catchsql {PRAGMA journal_mode="writenotify"}
} {0 {}}
do_execsql_test sync-1.6 {
  PRAGMA journal_mode
} {"wal"}

do_test sync-1.7 {
  set sql {
    CREATE TABLE t5(
      a PRIMARY KEY,
      b,
      c,
      d,
      e,
      FOREIGNKEYAa_t3a,
      FOREIGNKEYBb_t1x
    );
    CREATE TABLE t6(
      a PRIMARY KEY,
      b,
      c
    );
    CREATE TABLE t7(
      a PRIMARY KEY,
      b,
      c,
      d,
      FOREIGNKEYAa_t5a,
      FOREIGNKEYBb_t1a
    );
  }
  set rc {}
  set rc1 {}
  foreach {i line} {
    1 {INSERT INTO t3 VALUES(1006, 1007, 1008);}
    2 {INSERT INTO t1 VALUES(1009);}
    3 {INSERT INTO t5 VALUES(1100, 1101, 1102, 1103, 1104, 1006, 1009);}
    4 {INSERT INTO t6 VALUES(1105, 1106);}
    5 {INSERT INTO t1 VALUES(1300);}
    6 {INSERT INTO t2 VALUES(1301, 1302);}
    7 {}
    8 {INSERT INTO t3 VALUES(1303, 1301, 1304);}
    9 {INSERT INTO t7 VALUES(1305, 1006, 1302, 1303, 1006, 1009);}
    10 {DELETE FROM t1 WHERE x IS NULL}
  } {
    set sql $line
    set rc1 {}
    set sql2 "PRAGMA foreign_key_list;SELECT $sql,*
        FROM t3;SELECT $sql,t1.* FROM t1;SELECT $sql,t5.* FROM t5;
        SELECT  $sql,* FROM t6;SELECT $sql,t2.* FROM t2;
        SELECT $sql,* FROM t7;SELECT $sql,t3.* FROM t3;"
    execsql $sql2
  }
  lappend rc $rc1
  expr {join $rc "\n"}
} {}
do_execsql_test sync-1.8 {
  PRAGMA journal_mode
} {"wal"}
finish_test