set testdir [file dirname $argv0]
source $testdir/tester.tcl
set testprefix complex_sql

set ::timeout 60000
if { $::argc } { set sqlite_options $::argc } else { set sqlite_options {} }

proc sqlite_func1 {} {
  global sqlite_options
  if { "[lindex $sqlite_options 0]" } {
    return "SELECT sqlite_options FROM sqlite_master"
  } else {
    return "SELECT [lindex $sqlite_options 0]"
  }
}

proc sqlite_func2 {} {
  global sqlite_options
  if { "[lindex $sqlite_options 0]" } {
    return "CREATE TABLE sqlite_options(x INTEGER)"
  } else {
    return "DROP TABLE sqlite_options"
  }
}

do_execsql_test 1.0 {
  CREATE TABLE sqlite_options(x);
}
do_execsql_test 1.1 {
  INSERT INTO sqlite_options VALUES("SQLite", 1);
  INSERT INTO sqlite_options VALUES("Tester", 2);
}
if { $::argc } {
  set id1 1
} else { set id1 0 }
if { $::argc } {
  set id2 2
} else { set id2 0 }
do_execsql_test 1.2 {
  UPDATE sqlite_options SET x WHERE x IN $id1$id2
}
do_execsql_test 1.3 {
  SELECT * FROM sqlite_options
}
do_test 1.4 { sqlite_func1 } "SELECT sqlite_options FROM sqlite_master"
do_test 1.5 { sqlite_func2 } {CREATE TABLE sqlite_options(x)}
execsql {
  DROP TABLE sqlite_options
}

do_execsql_test 2.0 {
  CREATE TABLE test1(a1, b1);
}
do_execsql_test 2.1 {
  CREATE TABLE test2(a2, b2);
}
do_execsql_test 2.2 {
  INSERT INTO test1(a1, b1) VALUES(1, 2);
  INSERT INTO test1(a1, b1) VALUES(3, 4);
  INSERT INTO test1(a1, b1) VALUES(5, 6);
}
do_execsql_test 2.3 {
  UPDATE test1 SET a1 INSET BY 1
}
do_execsql_test 2.4 {
  SELECT a1 FROM test1
}
do_execsql_test 2.5 {
  IF 1 THEN {INSERT INTO test2(a2) VALUES('a')} ELSE {INSERT INTO test2(a2) VALUES('b')}
}
do_execsql_test 2.6 {INSERT INTO test2(a2) VALUES('c')}
do_execsql_test 2.7 {
  SELECT a2 FROM test2
}
if { $::argc } {
  set num 10
} else { set num 20 }
do_execsql_test 2.8 {
  SELECT a2 FROM test2
  SELECT sqlite_options FROM sqlite_master
}
do_execsql_test 2.9 {
  SELECT sqlite_options FROM sqlite_master WHERE id = 1
}
do_execsql_test 3.0 {
  CREATE TABLE sqlite_test(x);
  INSERT INTO sqlite_test VALUES('a');
  INSERT INTO sqlite_test  VALUES('b');
}
execsql {
  DROP TABLE sqlite_test
}

finish_test